start_sec,end_sec,language,confidence
0.0,1.0,hindi,0.5637
0.5,1.5,hindi,0.6238
1.0,2.0,hindi,0.6701
1.5,2.5,hindi,0.6042
2.0,3.0,hindi,0.5557
2.5,3.5,hindi,0.6138
3.0,4.0,hindi,0.6253
3.5,4.5,hindi,0.6061
4.0,5.0,english,0.609
4.5,5.5,hindi,0.6272
5.0,6.0,hindi,0.5493
5.5,6.5,hindi,0.5881
6.0,7.0,hindi,0.5561
6.5,7.5,english,0.5743
7.0,8.0,hindi,0.5798
7.5,8.5,hindi,0.6993
8.0,9.0,hindi,0.5685
8.5,9.5,hindi,0.9328
9.0,10.0,english,0.5023
9.5,10.5,hindi,0.5156
10.0,11.0,hindi,0.5709
10.5,11.5,hindi,0.5578
11.0,12.0,hindi,0.5229
11.5,12.5,hindi,0.5352
12.0,13.0,hindi,0.6412
12.5,13.5,hindi,0.6763
13.0,14.0,hindi,0.5443
13.5,14.5,hindi,0.7352
14.0,15.0,hindi,0.7671
14.5,15.5,hindi,0.5965
15.0,16.0,english,0.5008
15.5,16.5,hindi,0.6676
16.0,17.0,hindi,0.7282
16.5,17.5,hindi,0.5661
17.0,18.0,hindi,0.5308
17.5,18.5,hindi,0.5899
18.0,19.0,hindi,0.651
18.5,19.5,hindi,0.73
19.0,20.0,hindi,0.6894
19.5,20.5,hindi,0.9589
20.0,21.0,english,0.5888
20.5,21.5,hindi,0.6703
21.0,22.0,hindi,0.606
21.5,22.5,hindi,0.6165
22.0,23.0,hindi,0.602
22.5,23.5,hindi,0.5712
23.0,24.0,english,0.5386
23.5,24.5,english,0.5628
24.0,25.0,english,0.5206
24.5,25.5,hindi,0.5521
25.0,26.0,hindi,0.7071
25.5,26.5,hindi,0.5256
26.0,27.0,english,0.5211
26.5,27.5,hindi,0.5732
27.0,28.0,hindi,0.7
27.5,28.5,hindi,0.582
28.0,29.0,hindi,0.5081
28.5,29.5,english,0.5013
29.0,30.0,hindi,0.5377
29.5,30.5,hindi,0.6467
30.0,31.0,hindi,0.7005
30.5,31.5,hindi,0.629
31.0,32.0,hindi,0.7068
31.5,32.5,hindi,0.762
32.0,33.0,hindi,0.6746
32.5,33.5,hindi,0.534
33.0,34.0,hindi,0.5911
33.5,34.5,hindi,0.6714
34.0,35.0,hindi,0.5823
34.5,35.5,hindi,0.8666
35.0,36.0,hindi,0.9589
35.5,36.5,hindi,0.6205
36.0,37.0,hindi,0.6425
36.5,37.5,hindi,0.5929
37.0,38.0,hindi,0.5677
37.5,38.5,hindi,0.5744
38.0,39.0,hindi,0.614
38.5,39.5,hindi,0.6043
39.0,40.0,hindi,0.578
39.5,40.5,hindi,0.5509
40.0,41.0,hindi,0.519
40.5,41.5,hindi,0.6886
41.0,42.0,hindi,0.5895
41.5,42.5,english,0.6656
42.0,43.0,hindi,0.5604
42.5,43.5,hindi,0.5411
43.0,44.0,hindi,0.5448
43.5,44.5,hindi,0.7103
44.0,45.0,hindi,0.5253
44.5,45.5,english,0.5374
45.0,46.0,english,0.5457
45.5,46.5,english,0.5522
46.0,47.0,hindi,0.9589
46.5,47.5,english,0.5526
47.0,48.0,hindi,0.6588
47.5,48.5,hindi,0.7408
48.0,49.0,hindi,0.5597
48.5,49.5,hindi,0.9589
49.0,50.0,english,0.5371
49.5,50.5,hindi,0.6712
50.0,51.0,hindi,0.6962
50.5,51.5,hindi,0.5817
51.0,52.0,hindi,0.5343
51.5,52.5,hindi,0.5606
52.0,53.0,hindi,0.6919
52.5,53.5,english,0.597
53.0,54.0,hindi,0.58
53.5,54.5,hindi,0.6139
54.0,55.0,hindi,0.6752
54.5,55.5,hindi,0.826
55.0,56.0,hindi,0.5132
55.5,56.5,hindi,0.6389
56.0,57.0,hindi,0.6298
56.5,57.5,hindi,0.5891
57.0,58.0,hindi,0.6037
57.5,58.5,hindi,0.6349
58.0,59.0,hindi,0.6815
58.5,59.5,hindi,0.646
59.0,60.0,hindi,0.9589
59.5,60.5,english,0.5641
60.0,61.0,hindi,0.5713
60.5,61.5,hindi,0.649
61.0,62.0,hindi,0.6793
61.5,62.5,hindi,0.5327
62.0,63.0,hindi,0.5751
62.5,63.5,hindi,0.5664
63.0,64.0,hindi,0.5617
63.5,64.5,hindi,0.7017
64.0,65.0,hindi,0.7625
64.5,65.5,hindi,0.5118
65.0,66.0,hindi,0.5199
65.5,66.5,hindi,0.5036
66.0,67.0,hindi,0.6846
66.5,67.5,hindi,0.6316
67.0,68.0,hindi,0.7496
67.5,68.5,hindi,0.5057
68.0,69.0,hindi,0.6073
68.5,69.5,hindi,0.6046
69.0,70.0,hindi,0.6918
69.5,70.5,hindi,0.5808
70.0,71.0,hindi,0.6308
70.5,71.5,english,0.6014
71.0,72.0,english,0.5551
71.5,72.5,hindi,0.526
72.0,73.0,hindi,0.5713
72.5,73.5,hindi,0.5853
73.0,74.0,hindi,0.595
73.5,74.5,english,0.509
74.0,75.0,english,0.6809
74.5,75.5,hindi,0.515
75.0,76.0,hindi,0.5272
75.5,76.5,hindi,0.5659
76.0,77.0,hindi,0.5312
76.5,77.5,hindi,0.5828
77.0,78.0,hindi,0.6578
77.5,78.5,english,0.5151
78.0,79.0,english,0.5453
78.5,79.5,hindi,0.6165
79.0,80.0,hindi,0.5236
79.5,80.5,hindi,0.5715
80.0,81.0,hindi,0.6877
80.5,81.5,hindi,0.6395
81.0,82.0,hindi,0.5258
81.5,82.5,hindi,0.6912
82.0,83.0,hindi,0.7004
82.5,83.5,hindi,0.6923
83.0,84.0,hindi,0.6376
83.5,84.5,hindi,0.6109
84.0,85.0,hindi,0.6606
84.5,85.5,hindi,0.5192
85.0,86.0,hindi,0.5288
85.5,86.5,hindi,0.5967
86.0,87.0,hindi,0.5881
86.5,87.5,hindi,0.5708
87.0,88.0,hindi,0.6112
87.5,88.5,hindi,0.6673
88.0,89.0,hindi,0.6507
88.5,89.5,hindi,0.7902
89.0,90.0,english,0.598
89.5,90.5,hindi,0.5885
90.0,91.0,hindi,0.6424
90.5,91.5,hindi,0.7772
91.0,92.0,hindi,0.9589
91.5,92.5,hindi,0.6163
92.0,93.0,hindi,0.6693
92.5,93.5,hindi,0.7312
93.0,94.0,hindi,0.6565
93.5,94.5,hindi,0.8899
94.0,95.0,english,0.509
94.5,95.5,hindi,0.6303
95.0,96.0,hindi,0.5784
95.5,96.5,hindi,0.5753
96.0,97.0,hindi,0.5248
96.5,97.5,hindi,0.5734
97.0,98.0,hindi,0.619
97.5,98.5,hindi,0.5676
98.0,99.0,hindi,0.5474
98.5,99.5,hindi,0.6309
99.0,100.0,hindi,0.5874
99.5,100.5,hindi,0.6982
100.0,101.0,hindi,0.6076
100.5,101.5,hindi,0.6612
101.0,102.0,hindi,0.6223
101.5,102.5,hindi,0.5272
102.0,103.0,hindi,0.7404
102.5,103.5,hindi,0.6792
103.0,104.0,hindi,0.6042
103.5,104.5,hindi,0.6012
104.0,105.0,hindi,0.5661
104.5,105.5,hindi,0.5792
105.0,106.0,hindi,0.7099
105.5,106.5,hindi,0.7024
106.0,107.0,hindi,0.735
106.5,107.5,hindi,0.6846
107.0,108.0,hindi,0.7199
107.5,108.5,hindi,0.6434
108.0,109.0,hindi,0.5961
108.5,109.5,hindi,0.5934
109.0,110.0,hindi,0.6018
109.5,110.5,hindi,0.6704
110.0,111.0,hindi,0.5938
110.5,111.5,hindi,0.5905
111.0,112.0,hindi,0.6146
111.5,112.5,hindi,0.595
112.0,113.0,hindi,0.5525
112.5,113.5,hindi,0.5439
113.0,114.0,hindi,0.5407
113.5,114.5,hindi,0.5024
114.0,115.0,hindi,0.692
114.5,115.5,hindi,0.7268
115.0,116.0,hindi,0.6559
115.5,116.5,hindi,0.5517
116.0,117.0,english,0.5122
116.5,117.5,hindi,0.6145
117.0,118.0,hindi,0.6605
117.5,118.5,hindi,0.7538
118.0,119.0,hindi,0.6907
118.5,119.5,hindi,0.6564
119.0,120.0,hindi,0.5112
119.5,120.5,hindi,0.6183
120.0,121.0,hindi,0.7208
120.5,121.5,hindi,0.6304
121.0,122.0,hindi,0.6373
121.5,122.5,hindi,0.7488
122.0,123.0,hindi,0.6801
122.5,123.5,hindi,0.7095
123.0,124.0,hindi,0.633
123.5,124.5,hindi,0.7068
124.0,125.0,hindi,0.6804
124.5,125.5,hindi,0.6764
125.0,126.0,hindi,0.5765
125.5,126.5,hindi,0.9589
126.0,127.0,hindi,0.9589
126.5,127.5,hindi,0.7526
127.0,128.0,english,0.5675
127.5,128.5,hindi,0.6463
128.0,129.0,hindi,0.6925
128.5,129.5,hindi,0.6922
129.0,130.0,english,0.5321
129.5,130.5,hindi,0.5593
130.0,131.0,hindi,0.5419
130.5,131.5,hindi,0.566
131.0,132.0,hindi,0.5763
131.5,132.5,english,0.6003
132.0,133.0,hindi,0.6089
132.5,133.5,hindi,0.6677
133.0,134.0,hindi,0.7313
133.5,134.5,english,0.5024
134.0,135.0,english,0.5149
134.5,135.5,hindi,0.5266
135.0,136.0,hindi,0.5357
135.5,136.5,hindi,0.5357
136.0,137.0,hindi,0.7441
136.5,137.5,hindi,0.5467
137.0,138.0,hindi,0.9589
137.5,138.5,hindi,0.9589
138.0,139.0,english,0.5699
138.5,139.5,hindi,0.5354
139.0,140.0,hindi,0.5856
139.5,140.5,hindi,0.6056
140.0,141.0,english,0.5084
140.5,141.5,hindi,0.5078
141.0,142.0,hindi,0.5551
141.5,142.5,hindi,0.5775
142.0,143.0,hindi,0.6213
142.5,143.5,hindi,0.6734
143.0,144.0,hindi,0.6708
143.5,144.5,hindi,0.5311
144.0,145.0,hindi,0.7871
144.5,145.5,english,0.5652
145.0,146.0,hindi,0.541
145.5,146.5,hindi,0.5265
146.0,147.0,hindi,0.6235
146.5,147.5,hindi,0.529
147.0,148.0,english,0.5095
147.5,148.5,hindi,0.5761
148.0,149.0,hindi,0.7369
148.5,149.5,hindi,0.662
149.0,150.0,hindi,0.7677
149.5,150.5,hindi,0.5402
150.0,151.0,hindi,0.6326
150.5,151.5,hindi,0.6786
151.0,152.0,hindi,0.5083
151.5,152.5,english,0.5227
152.0,153.0,hindi,0.5034
152.5,153.5,hindi,0.5991
153.0,154.0,hindi,0.5583
153.5,154.5,english,0.5393
154.0,155.0,hindi,0.5407
154.5,155.5,english,0.5372
155.0,156.0,hindi,0.516
155.5,156.5,hindi,0.5777
156.0,157.0,english,0.5105
156.5,157.5,hindi,0.5753
157.0,158.0,hindi,0.6283
157.5,158.5,hindi,0.5861
158.0,159.0,hindi,0.6885
158.5,159.5,hindi,0.6216
159.0,160.0,hindi,0.613
159.5,160.5,hindi,0.8161
160.0,161.0,hindi,0.9589
160.5,161.5,hindi,0.5838
161.0,162.0,hindi,0.5243
161.5,162.5,english,0.5122
162.0,163.0,hindi,0.703
162.5,163.5,hindi,0.6098
163.0,164.0,english,0.5904
163.5,164.5,hindi,0.5121
164.0,165.0,hindi,0.5599
164.5,165.5,hindi,0.7224
165.0,166.0,english,0.5351
165.5,166.5,hindi,0.6342
166.0,167.0,hindi,0.6624
166.5,167.5,hindi,0.6684
167.0,168.0,hindi,0.8832
167.5,168.5,hindi,0.9589
168.0,169.0,hindi,0.6201
168.5,169.5,hindi,0.6429
169.0,170.0,hindi,0.5974
169.5,170.5,hindi,0.5619
170.0,171.0,hindi,0.5741
170.5,171.5,hindi,0.5448
171.0,172.0,hindi,0.6595
171.5,172.5,hindi,0.5693
172.0,173.0,hindi,0.9004
172.5,173.5,english,0.5119
173.0,174.0,hindi,0.5525
173.5,174.5,hindi,0.6116
174.0,175.0,hindi,0.6414
174.5,175.5,hindi,0.62
175.0,176.0,hindi,0.6487
175.5,176.5,english,0.5545
176.0,177.0,hindi,0.7607
176.5,177.5,hindi,0.6259
177.0,178.0,hindi,0.5381
177.5,178.5,hindi,0.5089
178.0,179.0,hindi,0.542
178.5,179.5,english,0.5507
179.0,180.0,english,0.6132
179.5,180.5,english,0.5796
180.0,181.0,hindi,0.5292
180.5,181.5,hindi,0.7327
181.0,182.0,hindi,0.5394
181.5,182.5,hindi,0.6466
182.0,183.0,hindi,0.5694
182.5,183.5,hindi,0.5735
183.0,184.0,english,0.5408
183.5,184.5,hindi,0.7907
184.0,185.0,hindi,0.8322
184.5,185.5,hindi,0.6723
185.0,186.0,hindi,0.6578
185.5,186.5,hindi,0.5514
186.0,187.0,hindi,0.5778
186.5,187.5,hindi,0.6649
187.0,188.0,hindi,0.6291
187.5,188.5,english,0.5731
188.0,189.0,hindi,0.9589
188.5,189.5,hindi,0.9589
189.0,190.0,hindi,0.9589
189.5,190.5,hindi,0.8292
190.0,191.0,hindi,0.6272
190.5,191.5,hindi,0.6966
191.0,192.0,hindi,0.5908
191.5,192.5,hindi,0.5636
192.0,193.0,hindi,0.6656
192.5,193.5,hindi,0.6702
193.0,194.0,hindi,0.5615
193.5,194.5,hindi,0.5037
194.0,195.0,hindi,0.5602
194.5,195.5,hindi,0.6839
195.0,196.0,hindi,0.6597
195.5,196.5,hindi,0.6219
196.0,197.0,hindi,0.6165
196.5,197.5,hindi,0.7103
197.0,198.0,hindi,0.6746
197.5,198.5,hindi,0.6459
198.0,199.0,hindi,0.5914
198.5,199.5,english,0.6305
199.0,200.0,english,0.5107
199.5,200.5,english,0.5152
200.0,201.0,english,0.6139
200.5,201.5,english,0.5191
201.0,202.0,english,0.5491
201.5,202.5,english,0.5558
202.0,203.0,english,0.5411
202.5,203.5,english,0.528
203.0,204.0,hindi,0.5131
203.5,204.5,hindi,0.5836
204.0,205.0,hindi,0.7284
204.5,205.5,english,0.5134
205.0,206.0,english,0.5534
205.5,206.5,hindi,0.5871
206.0,207.0,english,0.5105
206.5,207.5,english,0.5432
207.0,208.0,hindi,0.5931
207.5,208.5,hindi,0.6141
208.0,209.0,hindi,0.7133
208.5,209.5,english,0.5509
209.0,210.0,hindi,0.6818
209.5,210.5,hindi,0.6352
210.0,211.0,hindi,0.6093
210.5,211.5,hindi,0.6758
211.0,212.0,hindi,0.6532
211.5,212.5,english,0.5145
212.0,213.0,hindi,0.6769
212.5,213.5,hindi,0.5709
213.0,214.0,hindi,0.6091
213.5,214.5,hindi,0.634
214.0,215.0,hindi,0.6435
214.5,215.5,hindi,0.7015
215.0,216.0,hindi,0.6506
215.5,216.5,hindi,0.6633
216.0,217.0,hindi,0.5925
216.5,217.5,hindi,0.636
217.0,218.0,english,0.5259
217.5,218.5,english,0.6008
218.0,219.0,english,0.5179
218.5,219.5,hindi,0.6472
219.0,220.0,hindi,0.6897
219.5,220.5,hindi,0.6342
220.0,221.0,hindi,0.6108
220.5,221.5,hindi,0.5927
221.0,222.0,hindi,0.6026
221.5,222.5,hindi,0.5366
222.0,223.0,hindi,0.6426
222.5,223.5,hindi,0.6967
223.0,224.0,english,0.6018
223.5,224.5,hindi,0.6619
224.0,225.0,hindi,0.5506
224.5,225.5,hindi,0.5901
225.0,226.0,hindi,0.629
225.5,226.5,hindi,0.626
226.0,227.0,hindi,0.6651
226.5,227.5,hindi,0.6504
227.0,228.0,hindi,0.6812
227.5,228.5,hindi,0.536
228.0,229.0,hindi,0.6893
228.5,229.5,hindi,0.5565
229.0,230.0,hindi,0.7116
229.5,230.5,hindi,0.6086
230.0,231.0,hindi,0.5822
230.5,231.5,hindi,0.6169
231.0,232.0,hindi,0.5837
231.5,232.5,hindi,0.6499
232.0,233.0,hindi,0.6213
232.5,233.5,hindi,0.5811
233.0,234.0,hindi,0.6864
233.5,234.5,hindi,0.7345
234.0,235.0,hindi,0.7427
234.5,235.5,hindi,0.7153
235.0,236.0,hindi,0.5585
235.5,236.5,hindi,0.5658
236.0,237.0,hindi,0.6686
236.5,237.5,hindi,0.6271
237.0,238.0,hindi,0.6181
237.5,238.5,hindi,0.5308
238.0,239.0,hindi,0.8032
238.5,239.5,hindi,0.5632
239.0,240.0,english,0.5501
239.5,240.5,hindi,0.6647
240.0,241.0,hindi,0.6714
240.5,241.5,hindi,0.6235
241.0,242.0,hindi,0.6509
241.5,242.5,hindi,0.6587
242.0,243.0,hindi,0.6137
242.5,243.5,hindi,0.7222
243.0,244.0,hindi,0.7306
243.5,244.5,hindi,0.7348
244.0,245.0,hindi,0.6126
244.5,245.5,hindi,0.5523
245.0,246.0,hindi,0.6371
245.5,246.5,hindi,0.6829
246.0,247.0,hindi,0.6431
246.5,247.5,hindi,0.7569
247.0,248.0,hindi,0.7181
247.5,248.5,hindi,0.6468
248.0,249.0,hindi,0.6203
248.5,249.5,hindi,0.6229
249.0,250.0,hindi,0.5798
249.5,250.5,hindi,0.6676
250.0,251.0,hindi,0.6421
250.5,251.5,hindi,0.7573
251.0,252.0,hindi,0.5371
251.5,252.5,english,0.6183
252.0,253.0,hindi,0.801
252.5,253.5,hindi,0.9589
253.0,254.0,hindi,0.7603
253.5,254.5,hindi,0.6534
254.0,255.0,hindi,0.5161
254.5,255.5,english,0.5109
255.0,256.0,hindi,0.5696
255.5,256.5,hindi,0.6169
256.0,257.0,english,0.5313
256.5,257.5,hindi,0.5525
257.0,258.0,english,0.5111
257.5,258.5,hindi,0.9589
258.0,259.0,hindi,0.9589
258.5,259.5,hindi,0.9589
259.0,260.0,english,0.5562
259.5,260.5,hindi,0.5437
260.0,261.0,hindi,0.58
260.5,261.5,hindi,0.522
261.0,262.0,hindi,0.5368
261.5,262.5,hindi,0.688
262.0,263.0,hindi,0.5706
262.5,263.5,hindi,0.9589
263.0,264.0,hindi,0.7767
263.5,264.5,hindi,0.5331
264.0,265.0,hindi,0.6091
264.5,265.5,hindi,0.613
265.0,266.0,hindi,0.5568
265.5,266.5,hindi,0.7214
266.0,267.0,hindi,0.9589
266.5,267.5,hindi,0.9589
267.0,268.0,hindi,0.6278
267.5,268.5,hindi,0.5271
268.0,269.0,hindi,0.518
268.5,269.5,hindi,0.5414
269.0,270.0,english,0.5076
269.5,270.5,hindi,0.5161
270.0,271.0,hindi,0.5895
270.5,271.5,hindi,0.5829
271.0,272.0,hindi,0.9589
271.5,272.5,english,0.5372
272.0,273.0,english,0.5525
272.5,273.5,english,0.5539
273.0,274.0,hindi,0.6805
273.5,274.5,hindi,0.5704
274.0,275.0,hindi,0.9019
274.5,275.5,hindi,0.9589
275.0,276.0,hindi,0.9589
275.5,276.5,hindi,0.9589
276.0,277.0,hindi,0.7591
276.5,277.5,hindi,0.6268
277.0,278.0,english,0.5138
277.5,278.5,hindi,0.5555
278.0,279.0,hindi,0.6757
278.5,279.5,hindi,0.5975
279.0,280.0,hindi,0.5508
279.5,280.5,hindi,0.6464
280.0,281.0,hindi,0.5182
280.5,281.5,hindi,0.932
281.0,282.0,hindi,0.9589
281.5,282.5,hindi,0.9589
282.0,283.0,hindi,0.5246
282.5,283.5,hindi,0.6504
283.0,284.0,hindi,0.5798
283.5,284.5,hindi,0.5754
284.0,285.0,hindi,0.6254
284.5,285.5,hindi,0.744
285.0,286.0,hindi,0.543
285.5,286.5,hindi,0.9589
286.0,287.0,hindi,0.6237
286.5,287.5,hindi,0.5446
287.0,288.0,hindi,0.6591
287.5,288.5,hindi,0.6045
288.0,289.0,hindi,0.9444
288.5,289.5,english,0.5397
289.0,290.0,hindi,0.6163
289.5,290.5,hindi,0.7603
290.0,291.0,hindi,0.5984
290.5,291.5,english,0.5076
291.0,292.0,hindi,0.58
291.5,292.5,hindi,0.6301
292.0,293.0,hindi,0.5994
292.5,293.5,hindi,0.5548
293.0,294.0,hindi,0.6491
293.5,294.5,hindi,0.74
294.0,295.0,hindi,0.5582
294.5,295.5,hindi,0.9589
295.0,296.0,english,0.5418
295.5,296.5,hindi,0.6302
296.0,297.0,hindi,0.5468
296.5,297.5,hindi,0.6262
297.0,298.0,hindi,0.643
297.5,298.5,hindi,0.6578
298.0,299.0,hindi,0.6292
298.5,299.5,hindi,0.5658
299.0,300.0,hindi,0.7557
299.5,300.5,hindi,0.9589
300.0,301.0,english,0.6054
300.5,301.5,hindi,0.5813
301.0,302.0,hindi,0.6442
301.5,302.5,hindi,0.5509
302.0,303.0,hindi,0.9589
302.5,303.5,hindi,0.9589
303.0,304.0,hindi,0.9589
303.5,304.5,hindi,0.9589
304.0,305.0,hindi,0.512
304.5,305.5,hindi,0.6349
305.0,306.0,hindi,0.6041
305.5,306.5,hindi,0.556
306.0,307.0,hindi,0.544
306.5,307.5,hindi,0.6987
307.0,308.0,hindi,0.7044
307.5,308.5,hindi,0.6306
308.0,309.0,hindi,0.5537
308.5,309.5,hindi,0.5705
309.0,310.0,hindi,0.5186
309.5,310.5,hindi,0.7373
310.0,311.0,hindi,0.9589
310.5,311.5,hindi,0.7977
311.0,312.0,english,0.5892
311.5,312.5,hindi,0.5297
312.0,313.0,hindi,0.6241
312.5,313.5,hindi,0.6781
313.0,314.0,hindi,0.5553
313.5,314.5,hindi,0.9589
314.0,315.0,english,0.619
314.5,315.5,hindi,0.6106
315.0,316.0,hindi,0.6199
315.5,316.5,hindi,0.6074
316.0,317.0,hindi,0.547
316.5,317.5,hindi,0.6618
317.0,318.0,hindi,0.5071
317.5,318.5,english,0.6195
318.0,319.0,hindi,0.6187
318.5,319.5,hindi,0.6502
319.0,320.0,hindi,0.6689
319.5,320.5,hindi,0.5229
320.0,321.0,hindi,0.6352
320.5,321.5,hindi,0.6837
321.0,322.0,hindi,0.5774
321.5,322.5,hindi,0.5887
322.0,323.0,hindi,0.6101
322.5,323.5,hindi,0.5581
323.0,324.0,hindi,0.6232
323.5,324.5,hindi,0.7134
324.0,325.0,hindi,0.8535
324.5,325.5,hindi,0.9589
325.0,326.0,hindi,0.9589
325.5,326.5,english,0.566
326.0,327.0,hindi,0.5263
326.5,327.5,hindi,0.6127
327.0,328.0,hindi,0.6322
327.5,328.5,hindi,0.6181
328.0,329.0,hindi,0.5373
328.5,329.5,hindi,0.5427
329.0,330.0,hindi,0.5863
329.5,330.5,hindi,0.6047
330.0,331.0,hindi,0.6094
330.5,331.5,hindi,0.6728
331.0,332.0,hindi,0.6622
331.5,332.5,hindi,0.7981
332.0,333.0,hindi,0.9589
332.5,333.5,english,0.6377
333.0,334.0,hindi,0.6326
333.5,334.5,hindi,0.5927
334.0,335.0,hindi,0.6076
334.5,335.5,hindi,0.6362
335.0,336.0,hindi,0.6331
335.5,336.5,english,0.5742
336.0,337.0,hindi,0.641
336.5,337.5,hindi,0.601
337.0,338.0,hindi,0.6441
337.5,338.5,hindi,0.6054
338.0,339.0,hindi,0.6297
338.5,339.5,hindi,0.6602
339.0,340.0,english,0.5615
339.5,340.5,hindi,0.5224
340.0,341.0,hindi,0.5286
340.5,341.5,hindi,0.654
341.0,342.0,hindi,0.6755
341.5,342.5,hindi,0.6415
342.0,343.0,hindi,0.6887
342.5,343.5,hindi,0.553
343.0,344.0,hindi,0.596
343.5,344.5,hindi,0.6409
344.0,345.0,hindi,0.5451
344.5,345.5,hindi,0.6539
345.0,346.0,hindi,0.6833
345.5,346.5,hindi,0.6797
346.0,347.0,hindi,0.6298
346.5,347.5,hindi,0.6956
347.0,348.0,hindi,0.5981
347.5,348.5,hindi,0.5652
348.0,349.0,hindi,0.5617
348.5,349.5,hindi,0.6275
349.0,350.0,hindi,0.668
349.5,350.5,english,0.5348
350.0,351.0,hindi,0.6902
350.5,351.5,hindi,0.5341
351.0,352.0,english,0.5138
351.5,352.5,english,0.5225
352.0,353.0,hindi,0.5363
352.5,353.5,hindi,0.6598
353.0,354.0,hindi,0.5651
353.5,354.5,hindi,0.5863
354.0,355.0,english,0.5684
354.5,355.5,hindi,0.611
355.0,356.0,hindi,0.6072
355.5,356.5,hindi,0.6498
356.0,357.0,hindi,0.6529
356.5,357.5,english,0.5971
357.0,358.0,hindi,0.5789
357.5,358.5,hindi,0.5098
358.0,359.0,hindi,0.9076
358.5,359.5,hindi,0.5886
359.0,360.0,hindi,0.5451
359.5,360.5,hindi,0.5289
360.0,361.0,hindi,0.6685
360.5,361.5,hindi,0.6063
361.0,362.0,hindi,0.6458
361.5,362.5,hindi,0.7025
362.0,363.0,hindi,0.5423
362.5,363.5,hindi,0.5804
363.0,364.0,hindi,0.5621
363.5,364.5,hindi,0.6952
364.0,365.0,hindi,0.683
364.5,365.5,hindi,0.5587
365.0,366.0,hindi,0.9589
365.5,366.5,english,0.5712
366.0,367.0,hindi,0.5014
366.5,367.5,hindi,0.688
367.0,368.0,hindi,0.5397
367.5,368.5,hindi,0.9589
368.0,369.0,hindi,0.9589
368.5,369.5,hindi,0.5158
369.0,370.0,hindi,0.6992
369.5,370.5,hindi,0.7083
370.0,371.0,hindi,0.5583
370.5,371.5,hindi,0.5935
371.0,372.0,english,0.5431
371.5,372.5,hindi,0.5877
372.0,373.0,hindi,0.5939
372.5,373.5,english,0.5139
373.0,374.0,hindi,0.6216
373.5,374.5,hindi,0.5624
374.0,375.0,hindi,0.6732
374.5,375.5,hindi,0.6938
375.0,376.0,hindi,0.7019
375.5,376.5,hindi,0.7389
376.0,377.0,hindi,0.5821
376.5,377.5,hindi,0.5972
377.0,378.0,hindi,0.6428
377.5,378.5,hindi,0.6046
378.0,379.0,hindi,0.6677
378.5,379.5,hindi,0.6787
379.0,380.0,hindi,0.5691
379.5,380.5,hindi,0.6496
380.0,381.0,hindi,0.5328
380.5,381.5,hindi,0.6965
381.0,382.0,hindi,0.6931
381.5,382.5,hindi,0.6221
382.0,383.0,hindi,0.631
382.5,383.5,hindi,0.7142
383.0,384.0,english,0.5282
383.5,384.5,hindi,0.6254
384.0,385.0,hindi,0.685
384.5,385.5,hindi,0.6526
385.0,386.0,hindi,0.7061
385.5,386.5,hindi,0.6888
386.0,387.0,hindi,0.9589
386.5,387.5,hindi,0.5866
387.0,388.0,hindi,0.5282
387.5,388.5,hindi,0.6342
388.0,389.0,hindi,0.5913
388.5,389.5,hindi,0.502
389.0,390.0,hindi,0.5445
389.5,390.5,hindi,0.6097
390.0,391.0,hindi,0.9159
390.5,391.5,hindi,0.7572
391.0,392.0,hindi,0.6481
391.5,392.5,hindi,0.56
392.0,393.0,hindi,0.6162
392.5,393.5,hindi,0.708
393.0,394.0,hindi,0.6961
393.5,394.5,hindi,0.6324
394.0,395.0,hindi,0.6262
394.5,395.5,english,0.5125
395.0,396.0,english,0.5035
395.5,396.5,hindi,0.7041
396.0,397.0,hindi,0.5495
396.5,397.5,hindi,0.5699
397.0,398.0,hindi,0.7162
397.5,398.5,hindi,0.742
398.0,399.0,english,0.5517
398.5,399.5,hindi,0.692
399.0,400.0,hindi,0.652
399.5,400.5,english,0.5755
400.0,401.0,hindi,0.6152
400.5,401.5,hindi,0.5639
401.0,402.0,english,0.5324
401.5,402.5,hindi,0.6306
402.0,403.0,hindi,0.6405
402.5,403.5,hindi,0.5077
403.0,404.0,hindi,0.5882
403.5,404.5,hindi,0.5703
404.0,405.0,hindi,0.6069
404.5,405.5,hindi,0.5907
405.0,406.0,hindi,0.5383
405.5,406.5,hindi,0.5172
406.0,407.0,hindi,0.5716
406.5,407.5,hindi,0.5144
407.0,408.0,english,0.5159
407.5,408.5,hindi,0.5619
408.0,409.0,hindi,0.5189
408.5,409.5,english,0.5123
409.0,410.0,hindi,0.5889
409.5,410.5,hindi,0.6459
410.0,411.0,hindi,0.5849
410.5,411.5,hindi,0.6269
411.0,412.0,hindi,0.5739
411.5,412.5,hindi,0.5604
412.0,413.0,hindi,0.7192
412.5,413.5,english,0.5622
413.0,414.0,hindi,0.6698
413.5,414.5,hindi,0.5538
414.0,415.0,hindi,0.514
414.5,415.5,hindi,0.6007
415.0,416.0,hindi,0.635
415.5,416.5,english,0.5319
416.0,417.0,hindi,0.6253
416.5,417.5,hindi,0.5367
417.0,418.0,hindi,0.5132
417.5,418.5,hindi,0.5183
418.0,419.0,hindi,0.5324
418.5,419.5,hindi,0.6498
419.0,420.0,hindi,0.6916
419.5,420.5,hindi,0.6174
420.0,421.0,hindi,0.9589
420.5,421.5,english,0.6401
421.0,422.0,hindi,0.5345
421.5,422.5,hindi,0.5853
422.0,423.0,hindi,0.6836
422.5,423.5,hindi,0.6505
423.0,424.0,hindi,0.7101
423.5,424.5,hindi,0.9589
424.0,425.0,hindi,0.7019
424.5,425.5,hindi,0.6251
425.0,426.0,hindi,0.5855
425.5,426.5,hindi,0.7151
426.0,427.0,hindi,0.563
426.5,427.5,hindi,0.6825
427.0,428.0,english,0.5194
427.5,428.5,hindi,0.504
428.0,429.0,hindi,0.605
428.5,429.5,hindi,0.7232
429.0,430.0,hindi,0.6589
429.5,430.5,hindi,0.6962
430.0,431.0,hindi,0.5454
430.5,431.5,hindi,0.6169
431.0,432.0,hindi,0.6554
431.5,432.5,hindi,0.7605
432.0,433.0,hindi,0.9589
432.5,433.5,hindi,0.9589
433.0,434.0,hindi,0.9589
433.5,434.5,hindi,0.9589
434.0,435.0,hindi,0.9589
434.5,435.5,hindi,0.5217
435.0,436.0,hindi,0.521
435.5,436.5,english,0.5918
436.0,437.0,english,0.5432
436.5,437.5,hindi,0.607
437.0,438.0,hindi,0.5351
437.5,438.5,hindi,0.5515
438.0,439.0,hindi,0.596
438.5,439.5,hindi,0.5956
439.0,440.0,hindi,0.5426
439.5,440.5,hindi,0.5667
440.0,441.0,hindi,0.5269
440.5,441.5,hindi,0.6299
441.0,442.0,hindi,0.5358
441.5,442.5,hindi,0.6244
442.0,443.0,hindi,0.6718
442.5,443.5,english,0.5007
443.0,444.0,english,0.5837
443.5,444.5,hindi,0.6452
444.0,445.0,hindi,0.5563
444.5,445.5,hindi,0.5077
445.0,446.0,english,0.5054
445.5,446.5,english,0.5824
446.0,447.0,hindi,0.5171
446.5,447.5,english,0.5222
447.0,448.0,hindi,0.5479
447.5,448.5,hindi,0.5864
448.0,449.0,hindi,0.5686
448.5,449.5,hindi,0.5805
449.0,450.0,hindi,0.6698
449.5,450.5,hindi,0.503
450.0,451.0,hindi,0.7457
450.5,451.5,hindi,0.681
451.0,452.0,hindi,0.6391
451.5,452.5,hindi,0.5187
452.0,453.0,hindi,0.5874
452.5,453.5,hindi,0.6751
453.0,454.0,hindi,0.6879
453.5,454.5,hindi,0.6851
454.0,455.0,hindi,0.9589
454.5,455.5,hindi,0.9589
455.0,456.0,hindi,0.9589
455.5,456.5,hindi,0.9589
456.0,457.0,english,0.5761
456.5,457.5,hindi,0.6275
457.0,458.0,hindi,0.7472
457.5,458.5,hindi,0.7456
458.0,459.0,english,0.539
458.5,459.5,hindi,0.7697
459.0,460.0,hindi,0.9589
459.5,460.5,hindi,0.9589
460.0,461.0,hindi,0.9589
460.5,461.5,english,0.542
461.0,462.0,hindi,0.6522
461.5,462.5,hindi,0.5365
462.0,463.0,hindi,0.6155
462.5,463.5,hindi,0.5138
463.0,464.0,hindi,0.6339
463.5,464.5,hindi,0.5927
464.0,465.0,hindi,0.7306
464.5,465.5,hindi,0.5605
465.0,466.0,hindi,0.9589
465.5,466.5,english,0.6214
466.0,467.0,hindi,0.597
466.5,467.5,english,0.5114
467.0,468.0,hindi,0.5848
467.5,468.5,english,0.5117
468.0,469.0,english,0.5291
468.5,469.5,english,0.5324
469.0,470.0,hindi,0.6126
469.5,470.5,hindi,0.688
470.0,471.0,hindi,0.5727
470.5,471.5,hindi,0.6447
471.0,472.0,hindi,0.7363
471.5,472.5,hindi,0.5258
472.0,473.0,hindi,0.6178
472.5,473.5,hindi,0.707
473.0,474.0,hindi,0.6029
473.5,474.5,hindi,0.891
474.0,475.0,hindi,0.9589
474.5,475.5,hindi,0.5202
475.0,476.0,hindi,0.5579
475.5,476.5,hindi,0.5629
476.0,477.0,hindi,0.6227
476.5,477.5,hindi,0.6039
477.0,478.0,hindi,0.868
477.5,478.5,hindi,0.9589
478.0,479.0,hindi,0.9589
478.5,479.5,hindi,0.9589
479.0,480.0,english,0.5307
479.5,480.5,hindi,0.6476
480.0,481.0,hindi,0.5596
480.5,481.5,hindi,0.571
481.0,482.0,hindi,0.707
481.5,482.5,hindi,0.6439
482.0,483.0,hindi,0.7473
482.5,483.5,hindi,0.9589
483.0,484.0,english,0.5825
483.5,484.5,english,0.545
484.0,485.0,english,0.5407
484.5,485.5,english,0.5014
485.0,486.0,hindi,0.5156
485.5,486.5,hindi,0.5806
486.0,487.0,hindi,0.6741
486.5,487.5,english,0.5372
487.0,488.0,english,0.63
487.5,488.5,hindi,0.5684
488.0,489.0,english,0.5073
488.5,489.5,hindi,0.5548
489.0,490.0,hindi,0.531
489.5,490.5,hindi,0.5281
490.0,491.0,hindi,0.5041
490.5,491.5,hindi,0.5994
491.0,492.0,english,0.5188
491.5,492.5,hindi,0.6222
492.0,493.0,english,0.5576
492.5,493.5,english,0.5542
493.0,494.0,hindi,0.5962
493.5,494.5,hindi,0.627
494.0,495.0,hindi,0.6799
494.5,495.5,hindi,0.5354
495.0,496.0,hindi,0.5122
495.5,496.5,hindi,0.5144
496.0,497.0,hindi,0.631
496.5,497.5,hindi,0.5616
497.0,498.0,hindi,0.523
497.5,498.5,english,0.5396
498.0,499.0,hindi,0.5406
498.5,499.5,hindi,0.5918
499.0,500.0,hindi,0.6699
499.5,500.5,hindi,0.7232
500.0,501.0,hindi,0.659
500.5,501.5,hindi,0.601
501.0,502.0,hindi,0.6347
501.5,502.5,hindi,0.504
502.0,503.0,hindi,0.5585
502.5,503.5,hindi,0.6533
503.0,504.0,english,0.526
503.5,504.5,hindi,0.8517
504.0,505.0,hindi,0.6312
504.5,505.5,hindi,0.6084
505.0,506.0,hindi,0.7242
505.5,506.5,english,0.5343
506.0,507.0,hindi,0.6562
506.5,507.5,hindi,0.601
507.0,508.0,hindi,0.5588
507.5,508.5,hindi,0.5936
508.0,509.0,hindi,0.5557
508.5,509.5,english,0.5466
509.0,510.0,hindi,0.5073
509.5,510.5,hindi,0.7163
510.0,511.0,hindi,0.7506
510.5,511.5,hindi,0.8299
511.0,512.0,hindi,0.6135
511.5,512.5,hindi,0.5499
512.0,513.0,english,0.5017
512.5,513.5,hindi,0.5527
513.0,514.0,hindi,0.614
513.5,514.5,hindi,0.7957
514.0,515.0,hindi,0.9589
514.5,515.5,hindi,0.9589
515.0,516.0,hindi,0.9279
515.5,516.5,hindi,0.6195
516.0,517.0,hindi,0.6985
516.5,517.5,hindi,0.8247
517.0,518.0,hindi,0.9589
517.5,518.5,hindi,0.9589
518.0,519.0,hindi,0.764
518.5,519.5,hindi,0.597
519.0,520.0,hindi,0.5132
519.5,520.5,hindi,0.5333
520.0,521.0,hindi,0.5648
520.5,521.5,hindi,0.6046
521.0,522.0,hindi,0.5633
521.5,522.5,hindi,0.6324
522.0,523.0,hindi,0.7121
522.5,523.5,english,0.5375
523.0,524.0,hindi,0.5492
523.5,524.5,hindi,0.5299
524.0,525.0,hindi,0.5936
524.5,525.5,hindi,0.6237
525.0,526.0,hindi,0.6303
525.5,526.5,hindi,0.5097
526.0,527.0,english,0.59
526.5,527.5,hindi,0.6379
527.0,528.0,hindi,0.5778
527.5,528.5,hindi,0.6686
528.0,529.0,hindi,0.597
528.5,529.5,english,0.5059
529.0,530.0,hindi,0.9589
529.5,530.5,english,0.5911
530.0,531.0,hindi,0.6027
530.5,531.5,hindi,0.5205
531.0,532.0,hindi,0.5548
531.5,532.5,hindi,0.7372
532.0,533.0,hindi,0.5448
532.5,533.5,hindi,0.9589
533.0,534.0,hindi,0.9589
533.5,534.5,hindi,0.5012
534.0,535.0,english,0.504
534.5,535.5,english,0.5069
535.0,536.0,english,0.509
535.5,536.5,hindi,0.6321
536.0,537.0,hindi,0.5544
536.5,537.5,hindi,0.5704
537.0,538.0,hindi,0.6132
537.5,538.5,hindi,0.6079
538.0,539.0,hindi,0.6727
538.5,539.5,hindi,0.6512
539.0,540.0,hindi,0.5034
539.5,540.5,hindi,0.5319
540.0,541.0,hindi,0.5059
540.5,541.5,hindi,0.556
541.0,542.0,hindi,0.5768
541.5,542.5,hindi,0.6925
542.0,543.0,hindi,0.5674
542.5,543.5,hindi,0.7526
543.0,544.0,hindi,0.5358
543.5,544.5,hindi,0.5883
544.0,545.0,hindi,0.6378
544.5,545.5,english,0.5828
545.0,546.0,hindi,0.562
545.5,546.5,hindi,0.6101
546.0,547.0,hindi,0.7026
546.5,547.5,hindi,0.5008
547.0,548.0,hindi,0.9589
547.5,548.5,hindi,0.9589
548.0,549.0,english,0.6129
548.5,549.5,english,0.5144
549.0,550.0,hindi,0.5256
549.5,550.5,hindi,0.5466
550.0,551.0,hindi,0.5796
550.5,551.5,hindi,0.6507
551.0,552.0,hindi,0.8633
551.5,552.5,english,0.5358
552.0,553.0,hindi,0.5623
552.5,553.5,hindi,0.5727
553.0,554.0,hindi,0.6408
553.5,554.5,hindi,0.6096
554.0,555.0,hindi,0.6935
554.5,555.5,hindi,0.5875
555.0,556.0,hindi,0.872
555.5,556.5,hindi,0.6701
556.0,557.0,hindi,0.7705
556.5,557.5,hindi,0.5466
557.0,558.0,english,0.5993
557.5,558.5,hindi,0.6053
558.0,559.0,hindi,0.6077
558.5,559.5,hindi,0.5975
559.0,560.0,hindi,0.5622
559.5,560.5,hindi,0.5153
560.0,561.0,hindi,0.5822
560.5,561.5,hindi,0.7277
561.0,562.0,hindi,0.6206
561.5,562.5,hindi,0.5505
562.0,563.0,hindi,0.576
562.5,563.5,hindi,0.6206
563.0,564.0,hindi,0.7041
563.5,564.5,english,0.5749
564.0,565.0,hindi,0.5574
564.5,565.5,hindi,0.5455
565.0,566.0,hindi,0.5718
565.5,566.5,english,0.5063
566.0,567.0,hindi,0.5545
566.5,567.5,english,0.5331
567.0,568.0,hindi,0.6282
567.5,568.5,hindi,0.6745
568.0,569.0,hindi,0.6494
568.5,569.5,hindi,0.6297
569.0,570.0,hindi,0.8018
569.5,570.5,hindi,0.6408
570.0,571.0,hindi,0.6094
570.5,571.5,hindi,0.5851
571.0,572.0,english,0.5332
571.5,572.5,hindi,0.5471
572.0,573.0,hindi,0.7115
572.5,573.5,hindi,0.6031
573.0,574.0,hindi,0.5402
573.5,574.5,english,0.5668
574.0,575.0,hindi,0.539
574.5,575.5,hindi,0.5396
575.0,576.0,hindi,0.7655
575.5,576.5,english,0.6402
576.0,577.0,hindi,0.5771
576.5,577.5,hindi,0.5612
577.0,578.0,hindi,0.5747
577.5,578.5,hindi,0.6693
578.0,579.0,english,0.6536
578.5,579.5,hindi,0.6564
579.0,580.0,hindi,0.7664
579.5,580.5,hindi,0.6131
580.0,581.0,hindi,0.9589
580.5,581.5,hindi,0.9589
581.0,582.0,english,0.5582
581.5,582.5,english,0.5005
582.0,583.0,hindi,0.5271
582.5,583.5,hindi,0.5473
583.0,584.0,hindi,0.5765
583.5,584.5,hindi,0.6381
584.0,585.0,hindi,0.6947
584.5,585.5,hindi,0.6152
585.0,586.0,hindi,0.5688
585.5,586.5,hindi,0.5313
586.0,587.0,hindi,0.5668
586.5,587.5,hindi,0.6004
587.0,588.0,hindi,0.737
587.5,588.5,hindi,0.507
588.0,589.0,hindi,0.6611
588.5,589.5,hindi,0.6032
589.0,590.0,hindi,0.5159
589.5,590.5,hindi,0.5098
590.0,591.0,hindi,0.7226
590.5,591.5,hindi,0.5057
591.0,592.0,hindi,0.5132
591.5,592.5,english,0.5047
592.0,593.0,hindi,0.6219
592.5,593.5,hindi,0.815
593.0,594.0,hindi,0.9589
593.5,594.5,hindi,0.5395
594.0,595.0,hindi,0.5488
594.5,595.5,english,0.5568
595.0,596.0,hindi,0.5594
595.5,596.5,hindi,0.5389
596.0,597.0,hindi,0.5827
596.5,597.5,hindi,0.5578
597.0,598.0,hindi,0.5772
597.5,598.5,hindi,0.6781
598.0,599.0,hindi,0.5467
598.5,599.5,english,0.5174
599.0,600.0,hindi,0.571
